{"stats":{"minecraft:crafted":{"minecraft:stone_axe":1,"minecraft:stick":4,"minecraft:acacia_planks":4},"minecraft:custom":{"minecraft:mob_kills":7,"minecraft:interact_with_crafting_table":6,"minecraft:bell_ring":52,"minecraft:eat_cake_slice":9,"minecraft:leave_game":4,"minecraft:time_since_death":38263,"minecraft:climb_one_cm":224,"minecraft:time_since_rest":38263,"minecraft:sprint_one_cm":120383,"minecraft:damage_taken":205,"minecraft:walk_one_cm":168942,"minecraft:drop":15,"minecraft:damage_dealt":780,"minecraft:swim_one_cm":548,"minecraft:fly_one_cm":65111,"minecraft:open_chest":6,"minecraft:crouch_one_cm":2660,"minecraft:play_time":38263,"minecraft:sneak_time":1123,"minecraft:walk_under_water_one_cm":6164,"minecraft:jump":530,"minecraft:walk_on_water_one_cm":3215,"minecraft:total_world_time":38263,"minecraft:fall_one_cm":16580},"minecraft:dropped":{"biomesoplenty:toadstool":1,"farmersdelight:cabbage_seeds":17,"minecraft:cobblestone":2,"minecraft:melon_seeds":1,"minecraft:oak_sapling":3,"minecraft:acacia_fence":2,"minecraft:white_wool":1,"minecraft:acacia_planks":2,"minecraft:black_wool":1},"minecraft:mined":{"minecraft:acacia_leaves":2,"minecraft:scaffolding":6,"farmersdelight:organic_compost":1,"minecraft:crafting_table":2,"biomesoplenty:bush":1,"minecraft:acacia_log":1,"minecraft:grass_block":1,"minecraft:melon":16,"minecraft:rose_bush":29,"biomesoplenty:flowering_oak_leaves":1,"minecraft:campfire":2,"minecraft:cobblestone":4,"farmersdelight:cabbages":3,"minecraft:tall_grass":14,"farmersdelight:tomatoes":4,"farmersdelight:wild_tomatoes":5,"biomesoplenty:toadstool":1,"minecraft:wheat":85,"treechop:chopped_log":1,"minecraft:peony":39,"minecraft:grass":26,"minecraft:oak_log":1,"minecraft:coal_ore":59,"minecraft:acacia_fence":1,"minecraft:flower_pot":2,"minecraft:dirt":7,"minecraft:stone":13},"minecraft:picked_up":{"minecraft:crafting_table":3,"minecraft:wheat":81,"minecraft:cooked_beef":3,"minecraft:chicken":8,"minecraft:flower_pot":2,"minecraft:leather":2,"artifacts:bunny_hoppers":1,"minecraft:oak_log":1,"farmersdelight:tomato":5,"minecraft:cornflower":2,"minecraft:dirt":7,"farmersdelight:organic_compost":1,"vinery:savanna_grapes_red":2,"minecraft:wheat_seeds":121,"farmersdelight:cabbage":3,"minecraft:beef":5,"minecraft:rose_bush":24,"minecraft:poppy":18,"minecraft:iron_pickaxe":1,"minecraft:melon_slice":84,"farmersdelight:cabbage_seeds":32,"minecraft:book":2,"biomesoplenty:toadstool":1,"minecraft:scaffolding":6,"minecraft:acacia_fence":2,"minecraft:acacia_log":1,"minecraft:porkchop":8,"farmersdelight:tomato_seeds":9,"minecraft:peony":94,"alexsmobs:emu_egg":3,"minecraft:bread":12,"minecraft:oak_sapling":3,"minecraft:black_wool":1,"minecraft:melon_seeds":1,"minecraft:mutton":2,"minecraft:coal":59,"minecraft:white_wool":1,"minecraft:cobblestone":16},"minecraft:used":{"minecraft:peony":3,"farmersdelight:organic_compost":1,"minecraft:dirt":7,"minecraft:crafting_table":1,"minecraft:oak_log":1,"minecraft:bread":2,"minecraft:iron_pickaxe":81,"vinery:savanna_grapes_red":2,"minecraft:stone_axe":146,"minecraft:cobblestone":11,"alexsmobs:animal_dictionary":2,"minecraft:cooked_beef":1},"minecraft:killed":{"minecraft:pig":3,"minecraft:sheep":2,"minecraft:cow":2}},"DataVersion":3465}