{"stats":{"minecraft:used":{"minecraft:bone_block":8,"minecraft:sand":1,"minecraft:stripped_dark_oak_log":7},"minecraft:picked_up":{"minecraft:sand":1},"minecraft:custom":{"minecraft:jump":94,"minecraft:open_chest":2,"minecraft:time_since_rest":7361,"minecraft:waystone_activated":2,"minecraft:leave_game":1,"minecraft:damage_taken":40,"minecraft:sprint_one_cm":12087,"minecraft:play_time":7361,"minecraft:walk_on_water_one_cm":1043,"minecraft:time_since_death":7361,"minecraft:walk_one_cm":3760,"minecraft:sneak_time":135,"minecraft:climb_one_cm":2400,"minecraft:total_world_time":7361,"minecraft:walk_under_water_one_cm":567,"minecraft:swim_one_cm":7622,"minecraft:fall_one_cm":476,"minecraft:fly_one_cm":218282},"minecraft:mined":{"minecraft:sand":1}},"DataVersion":3465}