{"stats":{"minecraft:mined":{"minecraft:sculk_vein":2,"biomesoplenty:brimstone":2,"biomesoplenty:burning_blossom":16,"minecraft:granite":20,"biomesoplenty:bramble":17,"minecraft:stone_brick_wall":1,"minecraft:grass_block":264,"biomesoplenty:flowering_oak_leaves":9,"biomesoplenty:eyebulb":2,"minecraft:composter":6,"minecraft:nether_wart":20,"minecraft:spawner":2,"beachparty:seashell_block":1,"biomesoplenty:blackstone_bulb":3,"biomesoplenty:bramble_leaves":4,"minecraft:tall_seagrass":5,"minecraft:glowstone":16,"minecraft:iron_ore":10,"minecraft:fire":3,"minecraft:deepslate_lapis_ore":2,"minecraft:nether_brick_stairs":1,"minecraft:stripped_dark_oak_wood":2,"minecraft:azure_bluet":6,"minecraft:small_amethyst_bud":1,"minecraft:jungle_trapdoor":6,"minecraft:blackstone":74,"biomesoplenty:blackstone_spines":1,"biomesoplenty:brimstone_fumarole":3,"minecraft:torch":1,"minecraft:chest":3,"create:scoria":2,"minecraft:nether_quartz_ore":218,"minecraft:cobblestone":2,"minecraft:wall_torch":2,"minecraft:seagrass":2,"minecraft:wheat":38,"biomesoplenty:hair":1,"minecraft:stone_brick_stairs":5,"minecraft:grass":92,"biomesoplenty:clover":103,"minecraft:oak_log":5,"minecraft:sand":263,"minecraft:dirt":191,"beautify:acacia_blinds":60,"minecraft:smooth_basalt":1,"minecraft:netherrack":154,"minecraft:oak_leaves":59,"minecraft:deepslate":48,"minecraft:nether_gold_ore":10,"minecraft:tuff":1,"minecraft:deepslate_diamond_ore":4,"farmersdelight:wild_carrots":10,"minecraft:dark_oak_log":1,"minecraft:allium":1,"biomesoplenty:dead_grass":1,"farmersdelight:wild_onions":14,"minecraft:spruce_sapling":1,"minecraft:furnace":1,"minecraft:carrots":7,"minecraft:jungle_sapling":2,"minecraft:andesite":4,"minecraft:stripped_spruce_log":1,"treechop:chopped_log":45,"biomesoplenty:flesh":4,"minecraft:peony":3,"minecraft:bell":1,"minecraft:polished_deepslate":9,"minecraft:deepslate_iron_ore":3,"minecraft:shroomlight":2,"biomesoplenty:brimstone_bud":1,"minecraft:rail":4,"minecraft:lantern":2,"gnumus:fragile_gnumus_jug":4,"minecraft:stone":664,"minecraft:bone_block":19,"minecraft:white_wool":1,"minecraft:podzol":1,"minecraft:acacia_leaves":2,"minecraft:soul_sand":20,"minecraft:basalt":3,"minecraft:oak_fence":4,"minecraft:crafting_table":4,"minecraft:stone_slab":2,"minecraft:copper_ore":2,"minecraft:tall_grass":9,"biomesoplenty:huge_clover_petal":118,"minecraft:sculk":2,"minecraft:birch_planks":3,"minecraft:polished_blackstone_stairs":3,"minecraft:spruce_log":40,"minecraft:yellow_bed":1,"minecraft:coal_ore":148,"biomesoplenty:redwood_leaves":35,"minecraft:gravel":3,"minecraft:acacia_door":1,"minecraft:cobweb":29},"minecraft:dropped":{"minecraft:iron_sword":3,"minecraft:lapis_lazuli":6,"minecraft:cooked_beef":2,"minecraft:diamond":5,"minecraft:crafting_table":1,"minecraft:saddle":1,"minecraft:cod":3,"minecraft:dirt":1,"minecraft:mutton":1,"biomesoplenty:flowering_oak_sapling":1,"minecraft:cooked_cod":2,"minecraft:bone_block":64,"minecraft:sand":966,"minecraft:iron_pickaxe":1,"minecraft:gold_ingot":2,"minecraft:stone_axe":2,"beachparty:rubber_ring_axolotl":1,"gnumus:gnumus_doubloons":2,"beautify:acacia_blinds":7,"born_in_chaos_v1:diamond_termite_shard":2,"gnumus:gnumus_horn":1,"minecraft:oak_leaves":8,"minecraft:wheat_seeds":5,"minecraft:iron_helmet":2,"minecraft:apple":1,"minecraft:coal":24,"minecraft:mushroom_stew":1,"minecraft:torch":17,"biomesoplenty:brimstone":1,"minecraft:iron_leggings":2,"artifacts:kitty_slippers":2,"minecraft:stone_sword":1,"minecraft:stone_shovel":1,"sophisticatedbackpacks:backpack":1,"minecraft:stone":25,"minecraft:allium":29,"minecraft:peony":2,"artifacts:antidote_vessel":2,"minecraft:stone_pickaxe":15,"minecraft:wooden_pickaxe":1,"waystones:waystone":6},"minecraft:used":{"minecraft:beetroot":8,"biomesoplenty:redwood_leaves":5,"minecraft:polished_deepslate":48,"minecraft:bone_block":101,"minecraft:chest":8,"minecraft:iron_sword":287,"minecraft:stone":770,"minecraft:quartz_stairs":24,"minecraft:rotten_flesh":18,"minecraft:carrot":43,"minecraft:allium":1,"minecraft:azure_bluet":1,"minecraft:obsidian":1,"minecraft:jungle_sapling":7,"born_in_chaos_v1:corpse_maggot":3,"minecraft:stripped_dark_oak_wood":10,"beachparty:rubber_ring_axolotl":1,"minecraft:lantern":5,"create:scoria":2,"minecraft:iron_helmet":3,"minecraft:stone_brick_stairs":109,"minecraft:bow":6,"minecraft:oak_sapling":21,"minecraft:furnace":4,"minecraft:cooked_cod":3,"minecraft:polished_blackstone_stairs":11,"minecraft:dark_oak_sapling":8,"minecraft:dark_oak_stairs":8,"minecraft:diorite":1,"minecraft:stone_pickaxe":986,"minecraft:oak_planks":5,"minecraft:wooden_pickaxe":122,"artifacts:eternal_steak":30,"minecraft:composter":54,"minecraft:oak_leaves":36,"minecraft:white_wool":2,"minecraft:golden_apple":2,"minecraft:glow_berries":7,"minecraft:sand":1,"minecraft:stone_brick_wall":10,"biomesoplenty:jacaranda_planks":1,"minecraft:shears":87,"waystones:waystone":1,"minecraft:acacia_door":1,"minecraft:dark_oak_log":48,"born_in_chaos_v1:monster_flesh":1,"gnumus:gnumus_chickpeas":5,"minecraft:bread":32,"beachparty:seashell":1,"minecraft:wooden_sword":4,"minecraft:andesite":4,"minecraft:bone_meal":219,"minecraft:experience_bottle":1,"biomesoplenty:flowering_oak_leaves":3,"minecraft:stone_sword":536,"minecraft:flint_and_steel":1,"minecraft:tropical_fish":1,"minecraft:stone_shovel":530,"minecraft:cooked_salmon":2,"born_in_chaos_v1:fried_maggot":22,"minecraft:cooked_chicken":13,"minecraft:netherrack":120,"minecraft:torch":98,"minecraft:dirt":462,"minecraft:spruce_stairs":4,"minecraft:jungle_trapdoor":22,"minecraft:granite":36,"alexsmobs:maggot":1,"minecraft:wooden_axe":16,"minecraft:iron_boots":1,"minecraft:glowstone":4,"minecraft:golden_carrot":11,"minecraft:beef":2,"biomesoplenty:blood_bucket":11,"alexsmobs:banana":2,"beautify:acacia_blinds":76,"minecraft:cooked_beef":33,"minecraft:cobbled_deepslate":25,"minecraft:golden_axe":117,"minecraft:wheat_seeds":38,"minecraft:cooked_mutton":12,"minecraft:water_bucket":4,"minecraft:birch_planks":4,"minecraft:baked_potato":2,"farmersdelight:onion":18,"minecraft:stripped_dark_oak_log":133,"minecraft:crafting_table":12,"minecraft:white_bed":1,"minecraft:spruce_log":82,"minecraft:oak_log":98,"minecraft:wooden_hoe":14,"minecraft:apple":26,"minecraft:iron_pickaxe":366,"minecraft:stone_slab":29,"minecraft:spruce_sapling":15,"minecraft:stone_axe":403,"minecraft:cobblestone":11,"minecraft:porkchop":3,"minecraft:cooked_porkchop":8,"minecraft:bucket":16,"minecraft:yellow_bed":1},"minecraft:killed":{"born_in_chaos_v1:zombie_clown":3,"minecraft:cave_spider":1,"born_in_chaos_v1:zombie_lumberjack":3,"born_in_chaos_v1:seared_spirit":1,"born_in_chaos_v1:door_knight_not_despawn":1,"minecraft:spider":9,"born_in_chaos_v1:siamese_skeletonsright":1,"minecraft:skeleton":7,"minecraft:chicken":5,"gnumus:pitcher_mousse":3,"minecraft:magma_cube":2,"minecraft:pig":6,"minecraft:creeper":1,"alexsmobs:crimson_mosquito":3,"gnumus:marsupial_mousse":1,"minecraft:sheep":6,"born_in_chaos_v1:zombie_fisherman":1,"minecraft:pillager":3,"minecraft:zombie":26,"born_in_chaos_v1:dread_hound":11,"born_in_chaos_v1:corpse_fly":19,"alexsmobs:fly":23,"born_in_chaos_v1:door_knight":2,"born_in_chaos_v1:siamese_skeletonsleft":1,"minecraft:cow":8,"born_in_chaos_v1:zombie_bruiser":2,"born_in_chaos_v1:maggot":15,"born_in_chaos_v1:dire_hound_leader":1,"gnumus:gnumus_hunter":3,"gnumus:gnumus_hunter_not_dispawn":1,"born_in_chaos_v1:baby_skeleton":2,"born_in_chaos_v1:decrepit_skeleton":7,"minecraft:wither_skeleton":3},"minecraft:picked_up":{"biomesoplenty:burning_blossom":15,"minecraft:wheat":38,"beachparty:rubber_ring_axolotl":1,"gnumus:gnumus_claw":6,"minecraft:stone_slab":3,"minecraft:stone_brick_stairs":5,"biomesoplenty:redwood_leaves":59,"minecraft:polished_deepslate":9,"minecraft:string":58,"minecraft:raw_copper":25,"minecraft:iron_leggings":2,"minecraft:experience_bottle":2,"minecraft:shroomlight":2,"minecraft:beetroot":24,"biomesoplenty:brimstone":3,"alexsmobs:blood_sac":1,"alexsmobs:banana":2,"minecraft:gold_nugget":33,"minecraft:cobbled_deepslate":138,"minecraft:spruce_planks":8,"minecraft:rose_bush":1,"minecraft:iron_pickaxe":1,"minecraft:iron_boots":4,"minecraft:furnace":1,"minecraft:stick":132,"minecraft:polished_blackstone_stairs":3,"born_in_chaos_v1:shattered_skull":1,"minecraft:composter":6,"minecraft:oak_fence":4,"minecraft:torch":27,"minecraft:acacia_log":1,"minecraft:spruce_stairs":4,"minecraft:porkchop":33,"minecraft:golden_axe":16,"minecraft:cherry_log":4,"minecraft:diorite":1,"minecraft:stone_sword":17,"born_in_chaos_v1:fried_maggot":3,"minecraft:rotten_flesh":165,"minecraft:tropical_fish":5,"create:scoria":4,"farmersdelight:onion":14,"gnumus:gnumus_chickpeas":6,"minecraft:obsidian":1,"minecraft:cod":9,"minecraft:cobblestone":1746,"biomesoplenty:lavender":2,"minecraft:birch_log":1,"gnumus:gnumus_doubloons":8,"minecraft:feather":9,"minecraft:cooked_beef":15,"biomesoplenty:flowering_oak_leaves":27,"minecraft:andesite":9,"minecraft:jungle_log":28,"minecraft:golden_leggings":13,"minecraft:lapis_lazuli":21,"minecraft:dirt":619,"minecraft:lantern":1,"gnumus:gnumus_pouch_2":3,"born_in_chaos_v1:monster_skin":10,"minecraft:bone":116,"minecraft:acacia_planks":64,"minecraft:bow":6,"minecraft:wheat_seeds":119,"minecraft:bell":1,"artifacts:antidote_vessel":2,"minecraft:glowstone_dust":38,"minecraft:moss_block":3,"minecraft:oak_planks":75,"minecraft:sand":583,"minecraft:stripped_spruce_log":1,"minecraft:nether_brick_stairs":1,"minecraft:dark_oak_log":48,"born_in_chaos_v1:fire_dust":6,"minecraft:diamond":12,"waystones:waystone":4,"minecraft:granite":78,"minecraft:bone_meal":4,"minecraft:golden_apple":14,"minecraft:bread":49,"alexsmobs:maggot":45,"minecraft:oak_sapling":120,"minecraft:netherrack":151,"minecraft:oak_leaves":248,"minecraft:charcoal":18,"minecraft:crafting_table":18,"born_in_chaos_v1:diamond_termite_shard":3,"minecraft:allium":30,"minecraft:azure_bluet":8,"minecraft:chicken":5,"minecraft:nether_wart":21,"biomesoplenty:flesh":3,"minecraft:wooden_pickaxe":15,"minecraft:stone_brick_wall":4,"minecraft:jungle_trapdoor":6,"minecraft:acacia_door":1,"minecraft:flint_and_steel":4,"born_in_chaos_v1:intoxicating_decoction":7,"minecraft:blackstone":73,"beachparty:seashell":1,"minecraft:beef":38,"born_in_chaos_v1:gnawed_bones":7,"minecraft:jungle_sapling":140,"minecraft:iron_nugget":39,"minecraft:chest":7,"minecraft:egg":15,"beautify:acacia_blinds":61,"minecraft:dark_oak_sapling":5,"minecraft:raw_iron":18,"minecraft:stone":174,"sophisticatedbackpacks:backpack":1,"born_in_chaos_v1:pieceofdarkmetal":5,"minecraft:carrot":32,"minecraft:prismarine_crystals":34,"minecraft:stone_pressure_plate":2,"minecraft:arrow":92,"minecraft:stone_shovel":11,"minecraft:cooked_cod":2,"biomesoplenty:jacaranda_log":2,"minecraft:peony":2,"minecraft:shears":3,"minecraft:stripped_dark_oak_wood":2,"minecraft:saddle":1,"gnumus:mouse_skin":35,"minecraft:mutton":27,"minecraft:bone_block":83,"minecraft:rail":2,"minecraft:white_wool":11,"born_in_chaos_v1:fused_bone":13,"born_in_chaos_v1:corpse_maggot":149,"minecraft:basalt":3,"minecraft:golden_carrot":4,"born_in_chaos_v1:monster_flesh":19,"minecraft:salmon":22,"minecraft:leather":24,"gnumus:gnumus_pouch":1,"minecraft:mushroom_stew":1,"minecraft:oak_log":815,"minecraft:yellow_bed":1,"biomesoplenty:jacaranda_planks":2,"minecraft:gunpowder":12,"minecraft:cooked_mutton":4,"minecraft:apple":28,"minecraft:stone_bricks":16,"gnumus:gnumus_horn":2,"minecraft:iron_ingot":12,"minecraft:stone_pickaxe":17,"minecraft:cooked_chicken":7,"artifacts:kitty_slippers":2,"minecraft:iron_sword":7,"minecraft:soul_sand":20,"minecraft:dark_oak_stairs":2,"minecraft:smooth_basalt":1,"minecraft:quartz":226,"minecraft:dandelion":2,"minecraft:gravel":9,"minecraft:amethyst_shard":34,"gnumus:gnumus_cheese":1,"minecraft:spruce_sapling":88,"born_in_chaos_v1:fangofthe_hound_leader":2,"minecraft:spruce_log":288,"minecraft:spider_eye":2,"biomesoplenty:flowering_oak_sapling":8,"biomesoplenty:bramble":17,"minecraft:stone_axe":4,"minecraft:iron_helmet":17,"minecraft:gray_wool":18,"minecraft:acacia_slab":2,"minecraft:coal":242},"minecraft:crafted":{"minecraft:oak_planks":148,"minecraft:cooked_chicken":6,"minecraft:stone":989,"minecraft:cooked_mutton":10,"minecraft:quartz_block":56,"minecraft:iron_boots":1,"minecraft:polished_blackstone":68,"minecraft:chest":7,"minecraft:jungle_stairs":4,"minecraft:stone_bricks":168,"minecraft:quartz_stairs":28,"minecraft:wooden_shovel":1,"sophisticatedbackpacks:backpack":1,"biomesoplenty:jacaranda_planks":4,"minecraft:cooked_porkchop":9,"minecraft:crafting_table":10,"minecraft:spruce_planks":172,"minecraft:acacia_slab":132,"minecraft:iron_helmet":1,"minecraft:wooden_pickaxe":4,"minecraft:baked_potato":2,"minecraft:birch_planks":4,"biomesoplenty:jacaranda_slab":6,"minecraft:stone_brick_stairs":104,"minecraft:wooden_hoe":1,"minecraft:stick":116,"minecraft:stone_slab":36,"minecraft:iron_ingot":10,"minecraft:iron_pickaxe":2,"minecraft:stone_sword":4,"minecraft:composter":54,"minecraft:shears":1,"minecraft:wooden_sword":1,"minecraft:stone_shovel":4,"minecraft:stone_brick_wall":12,"minecraft:iron_nugget":36,"minecraft:polished_deepslate_stairs":4,"minecraft:furnace":3,"minecraft:jungle_trapdoor":16,"minecraft:bone_meal":120,"minecraft:lantern":4,"minecraft:spruce_stairs":8,"minecraft:polished_deepslate":92,"born_in_chaos_v1:fried_maggot":22,"minecraft:spruce_slab":288,"minecraft:stone_pickaxe":16,"beautify:acacia_blinds":22,"minecraft:dark_oak_planks":8,"minecraft:cooked_beef":33,"minecraft:cooked_cod":3,"minecraft:bone_block":16,"minecraft:dark_oak_stairs":4,"minecraft:iron_sword":1,"minecraft:cooked_salmon":2,"minecraft:polished_blackstone_stairs":12,"minecraft:bucket":1,"minecraft:bone":6,"minecraft:stone_axe":5,"minecraft:glowstone":9,"minecraft:jungle_planks":112,"minecraft:jungle_slab":60,"minecraft:air":0,"minecraft:wooden_axe":2,"minecraft:white_bed":1,"minecraft:acacia_planks":4,"minecraft:torch":8},"minecraft:custom":{"minecraft:interact_with_crafting_table":201,"minecraft:open_barrel":6,"minecraft:eat_cake_slice":3,"minecraft:leave_game":25,"minecraft:time_since_death":8557,"minecraft:sprint_one_cm":3186941,"minecraft:drop":738,"minecraft:talked_to_villager":2,"minecraft:play_time":973795,"minecraft:deaths":38,"minecraft:jump":21184,"minecraft:walk_on_water_one_cm":53649,"minecraft:interact_with_furnace":527,"minecraft:sleep_in_bed":74,"minecraft:waystone_activated":3,"minecraft:damage_dealt":25909,"minecraft:player_kills":1,"minecraft:crouch_one_cm":292669,"minecraft:mob_kills":185,"minecraft:damage_dealt_resisted":3773,"minecraft:climb_one_cm":687,"minecraft:walk_one_cm":1681291,"minecraft:sneak_time":73840,"minecraft:walk_under_water_one_cm":39472,"minecraft:total_world_time":973795,"minecraft:time_since_rest":8580,"minecraft:damage_taken":19434,"minecraft:damage_absorbed":40,"minecraft:swim_one_cm":80800,"minecraft:fly_one_cm":4849425,"minecraft:open_chest":623,"minecraft:fall_one_cm":637247},"minecraft:killed_by":{"minecraft:zombie_villager":1,"born_in_chaos_v1:nightmare_stalker":2,"minecraft:wither_skeleton":2,"minecraft:creeper":3,"minecraft:zombie":2,"born_in_chaos_v1:dire_hound_leader":1,"minecraft:player":3,"born_in_chaos_v1:dark_vortex":1,"born_in_chaos_v1:zombie_clown":2,"born_in_chaos_v1:fallen_chaos_knight":1,"born_in_chaos_v1:bonescaller":1,"minecraft:skeleton":8,"alexsmobs:crimson_mosquito":2,"born_in_chaos_v1:door_knight":1,"born_in_chaos_v1:missioner":1,"born_in_chaos_v1:dread_hound":3},"minecraft:broken":{"minecraft:golden_leggings":1,"minecraft:stone_pickaxe":7,"minecraft:stone_axe":3,"minecraft:stone_shovel":4,"minecraft:stone_sword":3,"minecraft:wooden_pickaxe":1,"minecraft:golden_axe":1,"minecraft:iron_pickaxe":1}},"DataVersion":3465}