{"stats":{"minecraft:crafted":{"minecraft:wooden_sword":2,"minecraft:oak_door":3,"minecraft:oak_planks":104,"minecraft:stone_shovel":1,"minecraft:furnace":2,"minecraft:glass":67,"minecraft:stone_pickaxe":3,"minecraft:chest":4,"handcrafted:calcite_corner_trim":144,"minecraft:dark_oak_planks":4,"minecraft:wheat":54,"minecraft:wooden_shovel":1,"minecraft:crafting_table":4,"minecraft:acacia_slab":6,"minecraft:wooden_pickaxe":12,"minecraft:stone_axe":1,"minecraft:bread":18,"minecraft:air":0,"minecraft:jungle_planks":8,"minecraft:stick":32,"minecraft:wooden_axe":6,"minecraft:stone_sword":1,"minecraft:acacia_door":3,"minecraft:acacia_planks":180,"minecraft:torch":36},"minecraft:broken":{"minecraft:wooden_shovel":1,"minecraft:wooden_pickaxe":9,"minecraft:wooden_sword":1,"minecraft:wooden_axe":4},"minecraft:custom":{"minecraft:mob_kills":34,"minecraft:animals_bred":1,"minecraft:interact_with_crafting_table":33,"minecraft:interact_with_campfire":6,"minecraft:bell_ring":32,"minecraft:damage_dealt_resisted":598,"minecraft:leave_game":8,"minecraft:time_since_death":69832,"minecraft:climb_one_cm":101,"minecraft:sprint_one_cm":490629,"minecraft:walk_one_cm":758262,"minecraft:drop":22,"minecraft:play_time":200405,"minecraft:deaths":8,"minecraft:sneak_time":8864,"minecraft:walk_under_water_one_cm":10555,"minecraft:jump":4218,"minecraft:walk_on_water_one_cm":8483,"minecraft:total_world_time":200405,"minecraft:interact_with_furnace":45,"minecraft:sleep_in_bed":16,"minecraft:time_since_rest":12346,"minecraft:waystone_activated":3,"minecraft:damage_taken":2830,"minecraft:damage_dealt":5918,"minecraft:swim_one_cm":35954,"minecraft:fly_one_cm":886109,"minecraft:open_chest":65,"minecraft:crouch_one_cm":24175,"minecraft:interact_with_smoker":2,"minecraft:fall_one_cm":116415},"minecraft:dropped":{"farmersdelight:tomato_seeds":1,"minecraft:bread":3,"farmersdelight:iron_knife":1,"minecraft:coal":1,"minecraft:dirt":33,"minecraft:iron_leggings":2,"minecraft:wooden_sword":1,"minecraft:bone_block":3,"minecraft:string":4,"minecraft:bone":1,"alexsmobs:acacia_blossom":3,"minecraft:iron_chestplate":2,"minecraft:acacia_sapling":30},"minecraft:mined":{"minecraft:oak_door":2,"handcrafted:calcite_corner_trim":7,"biomesoplenty:desert_grass":1,"minecraft:acacia_log":5,"biomesoplenty:bush":4,"minecraft:grass_block":106,"minecraft:acacia_slab":3,"minecraft:hay_block":6,"treechop:chopped_log":38,"minecraft:peony":2,"minecraft:stone":140,"minecraft:bone_block":3,"minecraft:orange_bed":3,"minecraft:podzol":1,"minecraft:scaffolding":1,"minecraft:crafting_table":8,"minecraft:calcite":414,"minecraft:chest":2,"minecraft:campfire":1,"minecraft:glass":5,"minecraft:cobblestone":9,"minecraft:tall_grass":14,"farmersdelight:wild_tomatoes":1,"minecraft:wheat":1,"minecraft:grass":245,"minecraft:oak_log":4,"minecraft:acacia_door":5,"minecraft:sand":67,"minecraft:dirt":15,"minecraft:cobweb":3,"minecraft:acacia_planks":11,"minecraft:oak_leaves":3},"minecraft:killed_by":{"born_in_chaos_v1:nightmare_stalker":3,"born_in_chaos_v1:zombie_bruiser":1,"born_in_chaos_v1:baby_skeleton":1,"minecraft:zombie":1,"alexsmobs:kangaroo":1},"minecraft:used":{"minecraft:stone_sword":13,"minecraft:acacia_log":125,"minecraft:stone_shovel":98,"minecraft:chest":7,"minecraft:wooden_shovel":59,"minecraft:oak_door":2,"minecraft:cooked_chicken":5,"handcrafted:calcite_corner_trim":126,"minecraft:iron_chestplate":1,"minecraft:orange_bed":3,"minecraft:torch":6,"minecraft:dirt":18,"minecraft:mutton":1,"minecraft:glass":47,"minecraft:wooden_axe":238,"minecraft:acacia_slab":8,"minecraft:beef":1,"minecraft:scaffolding":1,"minecraft:furnace":1,"minecraft:egg":6,"minecraft:acacia_planks":109,"minecraft:calcite":168,"minecraft:cooked_mutton":1,"farmersdelight:iron_knife":41,"minecraft:stone_pickaxe":18,"minecraft:wooden_pickaxe":572,"minecraft:glow_berries":7,"minecraft:crafting_table":10,"minecraft:oak_log":3,"waystones:waystone":1,"minecraft:acacia_door":9,"minecraft:chicken":4,"minecraft:bread":10,"farmersdelight:ham":1,"minecraft:stone_axe":52,"minecraft:wooden_sword":105,"minecraft:cobblestone":9,"minecraft:porkchop":1,"minecraft:cooked_porkchop":2,"gnumus:juicy_meat":4,"alexsmobs:emu_egg":4},"minecraft:picked_up":{"minecraft:wooden_axe":1,"minecraft:charcoal":2,"minecraft:crafting_table":10,"minecraft:iron_chestplate":2,"minecraft:chicken":9,"gnumus:gnumus_claw":2,"minecraft:wooden_pickaxe":1,"handcrafted:calcite_corner_trim":7,"minecraft:string":4,"minecraft:iron_leggings":2,"minecraft:wooden_sword":2,"minecraft:acacia_door":7,"vinery:apple_tree_sapling":4,"minecraft:bucket":2,"gnumus:packaged_goods":2,"minecraft:beef":1,"minecraft:calcite":589,"minecraft:chest":3,"minecraft:egg":8,"minecraft:stick":59,"minecraft:oak_door":2,"gnumus:juicy_meat":4,"minecraft:acacia_log":235,"minecraft:porkchop":2,"farmersdelight:tomato_seeds":1,"minecraft:dark_oak_planks":4,"minecraft:orange_bed":3,"minecraft:rotten_flesh":19,"minecraft:peony":6,"minecraft:hay_block":6,"alexsmobs:emu_egg":5,"minecraft:gold_ingot":3,"alexsmobs:kangaroo_meat":5,"minecraft:cobblestone":194,"minecraft:bone_block":3,"gnumus:mouse_skin":4,"minecraft:glow_berries":3,"minecraft:mutton":3,"vinery:apple_log":5,"minecraft:white_wool":3,"born_in_chaos_v1:corpse_maggot":2,"gnumus:gnumus_doubloons":8,"minecraft:feather":10,"minecraft:jungle_log":4,"alexsmobs:acacia_blossom":10,"minecraft:oak_log":28,"minecraft:gunpowder":2,"minecraft:dirt":203,"gnumus:gnumus_pouch_2":1,"minecraft:cooked_mutton":1,"minecraft:bone":5,"farmersdelight:iron_knife":1,"minecraft:acacia_planks":11,"minecraft:wheat_seeds":22,"minecraft:cooked_chicken":5,"minecraft:iron_ingot":1,"minecraft:stone_pickaxe":2,"minecraft:acacia_sapling":65,"minecraft:oak_planks":71,"minecraft:book":1,"minecraft:scaffolding":1,"minecraft:cooked_porkchop":2,"minecraft:jungle_planks":8,"minecraft:sand":67,"minecraft:spruce_sapling":10,"minecraft:spruce_log":50,"farmersdelight:ham":1,"minecraft:dark_oak_log":2,"alexsmobs:animal_dictionary":2,"alexsmobs:kangaroo_hide":3,"waystones:waystone":1,"minecraft:bread":28,"minecraft:acacia_slab":4,"minecraft:oak_sapling":4,"minecraft:netherrack":1,"minecraft:coal":1},"minecraft:killed":{"born_in_chaos_v1:zombie_lumberjack":1,"minecraft:spider":1,"alexsmobs:seagull":2,"minecraft:chicken":9,"alexsmobs:kangaroo":3,"gnumus:gnumus_hunter_not_dispawn":2,"minecraft:pig":1,"born_in_chaos_v1:swarmer":1,"gnumus:big_snout":1,"born_in_chaos_v1:decrepit_skeleton":1,"minecraft:sheep":2,"gnumus:gnumus_merchant":1,"minecraft:zombie":2,"alexsmobs:fly":2,"born_in_chaos_v1:door_knight":1,"minecraft:villager":2,"minecraft:cow":1}},"DataVersion":3465}