{"stats":{"minecraft:crafted":{"minecraft:oak_planks":140,"minecraft:cooked_chicken":1,"minecraft:furnace":1,"minecraft:cooked_mutton":1,"born_in_chaos_v1:fried_maggot":1,"minecraft:stone_pickaxe":1,"minecraft:cooked_beef":23,"minecraft:crafting_table":16,"minecraft:wooden_pickaxe":1,"minecraft:stone_axe":1,"minecraft:air":0,"minecraft:stick":16,"minecraft:iron_ingot":3,"minecraft:iron_pickaxe":2,"minecraft:stone_sword":1,"minecraft:torch":56},"minecraft:custom":{"minecraft:mob_kills":37,"minecraft:interact_with_crafting_table":5,"minecraft:bell_ring":1,"minecraft:leave_game":4,"minecraft:time_since_death":36632,"minecraft:climb_one_cm":1021,"minecraft:sprint_one_cm":368615,"minecraft:walk_one_cm":142866,"minecraft:drop":56,"minecraft:talked_to_villager":4,"minecraft:play_time":106085,"minecraft:deaths":6,"minecraft:sneak_time":7733,"minecraft:walk_under_water_one_cm":4542,"minecraft:jump":2045,"minecraft:interact_with_brewingstand":1,"minecraft:walk_on_water_one_cm":10456,"minecraft:total_world_time":106085,"minecraft:interact_with_furnace":26,"minecraft:interact_with_grindstone":1,"minecraft:sleep_in_bed":1,"minecraft:time_since_rest":36658,"minecraft:waystone_activated":2,"minecraft:damage_taken":2268,"minecraft:damage_dealt":4346,"minecraft:swim_one_cm":32840,"minecraft:fly_one_cm":367596,"minecraft:player_kills":2,"minecraft:open_chest":27,"minecraft:crouch_one_cm":24407,"minecraft:fall_one_cm":59676,"minecraft:inspect_dispenser":1},"minecraft:dropped":{"minecraft:bread":12,"minecraft:wheat_seeds":28,"minecraft:cooked_beef":3,"minecraft:weeping_vines":1,"minecraft:cobblestone":9,"minecraft:lantern":1,"minecraft:item_frame":2,"minecraft:stick":15,"minecraft:dirt":18,"minecraft:torch":1,"minecraft:cornflower":2,"minecraft:rose_bush":1,"minecraft:iron_pickaxe":1,"artifacts:bunny_hoppers":1,"minecraft:dandelion":6,"minecraft:gravel":6,"biomesoplenty:toadstool":1,"alexsmobs:maggot":2,"minecraft:stone_sword":1,"minecraft:cobbled_deepslate":2,"minecraft:azure_bluet":2,"minecraft:poppy":18,"minecraft:gray_terracotta":9,"minecraft:brick_stairs":2,"minecraft:peony":77,"born_in_chaos_v1:corpse_maggot":6,"minecraft:oak_sapling":7,"minecraft:stone_pressure_plate":4,"minecraft:stone_pickaxe":2},"minecraft:mined":{"minecraft:tuff":2,"minecraft:stone_pressure_plate":1,"minecraft:brewing_stand":2,"biomesoplenty:bush":16,"minecraft:grass_block":12,"minecraft:brick_stairs":1,"create:ochrum":2,"farmersdelight:tomatoes":1,"minecraft:oxeye_daisy":18,"minecraft:hay_block":76,"minecraft:furnace":11,"minecraft:black_glazed_terracotta":18,"biomesoplenty:toadstool":1,"minecraft:iron_ore":9,"treechop:chopped_log":5,"minecraft:azure_bluet":3,"minecraft:peony":88,"gnumus:fragile_gnumus_jug":1,"minecraft:stone":91,"minecraft:white_wool":1,"minecraft:gray_terracotta":19,"born_in_chaos_v1:marigolds":9,"minecraft:dandelion":20,"minecraft:light_gray_terracotta":3,"minecraft:cornflower":2,"minecraft:torch":4,"minecraft:honey_block":2,"minecraft:poppy":18,"minecraft:rose_bush":32,"minecraft:campfire":1,"minecraft:tall_grass":5,"minecraft:sugar_cane":8,"minecraft:bricks":2,"minecraft:wall_torch":3,"vinery:white_grape_bush":11,"minecraft:red_terracotta":8,"minecraft:wheat":1,"minecraft:grass":64,"minecraft:oak_log":4,"minecraft:coal_ore":79,"minecraft:acacia_fence":1,"minecraft:gravel":11,"minecraft:dirt":36,"minecraft:oak_leaves":5,"minecraft:deepslate":3},"minecraft:killed_by":{"born_in_chaos_v1:nightmare_stalker":1,"minecraft:creeper":1,"alexsmobs:grizzly_bear":2,"born_in_chaos_v1:dread_hound":2},"minecraft:used":{"minecraft:stone_sword":101,"born_in_chaos_v1:fried_maggot":1,"minecraft:cooked_chicken":1,"minecraft:torch":34,"minecraft:dirt":12,"minecraft:item_frame":1,"minecraft:furnace":7,"minecraft:stone_pressure_plate":1,"minecraft:acacia_planks":2,"minecraft:cooked_beef":10,"minecraft:cooked_mutton":1,"minecraft:stone_pickaxe":101,"minecraft:oak_planks":26,"minecraft:wooden_pickaxe":18,"minecraft:white_wool":1,"minecraft:crafting_table":4,"minecraft:light_gray_terracotta":3,"minecraft:apple":6,"minecraft:bread":3,"minecraft:iron_pickaxe":154,"minecraft:red_terracotta":8,"minecraft:stone_axe":24,"born_in_chaos_v1:rotten_fish":2,"alexsmobs:animal_dictionary":1},"minecraft:picked_up":{"minecraft:charcoal":2,"minecraft:crafting_table":14,"minecraft:wheat":11,"minecraft:azure_bluet":4,"minecraft:chicken":3,"minecraft:lead":1,"minecraft:wooden_pickaxe":1,"minecraft:brewing_stand":2,"minecraft:cornflower":4,"minecraft:item_frame":3,"minecraft:cobbled_deepslate":2,"minecraft:black_glazed_terracotta":18,"minecraft:beef":23,"minecraft:rose_bush":36,"minecraft:poppy":26,"minecraft:sugar_cane":19,"minecraft:egg":5,"minecraft:furnace":12,"minecraft:dark_oak_sapling":4,"minecraft:stick":26,"minecraft:raw_iron":9,"gnumus:juicy_meat":4,"minecraft:torch":7,"minecraft:porkchop":6,"minecraft:stone_pressure_plate":5,"minecraft:stone_sword":2,"minecraft:arrow":1,"minecraft:weeping_vines":1,"minecraft:peony":77,"minecraft:hay_block":76,"vinery:white_grape_seeds":52,"alexsmobs:emu_egg":1,"minecraft:brick_stairs":2,"minecraft:leather_horse_armor":1,"minecraft:mutton":1,"minecraft:cod":2,"minecraft:white_wool":2,"minecraft:cobblestone":93,"minecraft:oxeye_daisy":25,"born_in_chaos_v1:corpse_maggot":9,"gnumus:gnumus_doubloons":2,"minecraft:feather":4,"minecraft:salmon":2,"minecraft:leather":10,"minecraft:flint":2,"minecraft:oak_log":46,"minecraft:gunpowder":2,"minecraft:lantern":1,"farmersdelight:tomato":14,"minecraft:dirt":60,"born_in_chaos_v1:marigolds":16,"minecraft:bone":1,"minecraft:acacia_planks":2,"minecraft:apple":8,"minecraft:gray_terracotta":9,"minecraft:wheat_seeds":33,"minecraft:stone_pickaxe":2,"minecraft:oak_planks":46,"biomesoplenty:toadstool":1,"minecraft:dandelion":19,"minecraft:gravel":6,"minecraft:red_terracotta":8,"minecraft:dark_oak_log":10,"minecraft:light_gray_terracotta":3,"minecraft:honey_block":2,"waystones:waystone":2,"minecraft:bread":2,"alexsmobs:maggot":2,"born_in_chaos_v1:rotten_fish":4,"minecraft:oak_sapling":23,"minecraft:coal":86},"minecraft:killed":{"alexsmobs:seagull":1,"minecraft:chicken":3,"born_in_chaos_v1:corpse_fish":2,"minecraft:pig":2,"minecraft:salmon":1,"gnumus:big_snout":1,"minecraft:creeper":2,"alexsmobs:emu":1,"minecraft:sheep":1,"born_in_chaos_v1:bloody_gadfly":1,"born_in_chaos_v1:corpse_fly":8,"alexsmobs:gazelle":1,"alexsmobs:fly":2,"minecraft:cow":11}},"DataVersion":3465}