{"stats":{"minecraft:crafted":{"gnumus:grilled_juicy_meat":4,"minecraft:oak_planks":296,"minecraft:cooked_chicken":12,"minecraft:cooked_mutton":15,"beachparty:palm_boat":1,"minecraft:iron_boots":1,"minecraft:chest":11,"minecraft:magenta_dye":24,"minecraft:deepslate":109,"sophisticatedbackpacks:backpack":2,"minecraft:cooked_porkchop":3,"minecraft:crafting_table":4,"minecraft:acacia_slab":6,"minecraft:iron_helmet":1,"beautify:acacia_trellis":196,"minecraft:wooden_pickaxe":1,"minecraft:diamond_pickaxe":1,"minecraft:stick":324,"minecraft:iron_ingot":10,"minecraft:stone_sword":1,"minecraft:gold_ingot":4,"minecraft:light_gray_dye":2,"minecraft:deepslate_bricks":792,"minecraft:wooden_sword":1,"minecraft:coal":54,"brewery:fried_chicken":1,"minecraft:stone_shovel":12,"minecraft:fishing_rod":2,"vanillaplustools:stone_hammer":3,"minecraft:furnace":1,"minecraft:pink_dye":8,"minecraft:polished_deepslate":792,"minecraft:stone_pickaxe":29,"beautify:acacia_blinds":2,"minecraft:deepslate_tile_wall":264,"handcrafted:deepslate_corner_trim":4,"beachparty:palm_planks":44,"sophisticatedbackpacks:iron_backpack":11,"minecraft:red_dye":6,"minecraft:cooked_cod":2,"minecraft:magenta_bed":1,"minecraft:diamond_sword":1,"brewery:pork_knuckle":1,"minecraft:mangrove_door":3,"sophisticatedbackpacks:gold_backpack":10,"minecraft:mangrove_planks":16,"minecraft:deepslate_tiles":792,"minecraft:stone_axe":9,"minecraft:wooden_axe":1,"minecraft:iron_shovel":2,"minecraft:acacia_planks":152,"minecraft:torch":108},"minecraft:custom":{"minecraft:interact_with_crafting_table":86,"minecraft:open_barrel":14,"minecraft:eat_cake_slice":6,"minecraft:leave_game":14,"minecraft:time_since_death":181911,"minecraft:sprint_one_cm":599511,"minecraft:drop":114,"minecraft:talked_to_villager":3,"minecraft:play_time":652726,"minecraft:deaths":13,"minecraft:jump":5188,"minecraft:interact_with_brewingstand":2,"minecraft:walk_on_water_one_cm":167744,"minecraft:interact_with_furnace":45,"minecraft:sleep_in_bed":31,"minecraft:waystone_activated":5,"minecraft:damage_dealt":16251,"minecraft:player_kills":1,"minecraft:crouch_one_cm":33950,"minecraft:interact_with_smoker":5,"minecraft:mob_kills":108,"minecraft:damage_dealt_resisted":827,"minecraft:climb_one_cm":6840,"minecraft:walk_one_cm":2931948,"minecraft:damage_dealt_absorbed":113,"minecraft:sneak_time":12785,"minecraft:walk_under_water_one_cm":125508,"minecraft:boat_one_cm":108225,"minecraft:total_world_time":652726,"minecraft:time_since_rest":25563,"minecraft:damage_taken":6014,"minecraft:swim_one_cm":187753,"minecraft:fly_one_cm":511790,"minecraft:open_chest":180,"minecraft:fish_caught":68,"minecraft:fall_one_cm":70038},"minecraft:broken":{"minecraft:iron_shovel":2,"minecraft:stone_pickaxe":10,"minecraft:stone_axe":1,"minecraft:iron_sword":1,"minecraft:fishing_rod":1,"minecraft:stone_shovel":8,"vanillaplustools:stone_hammer":2,"minecraft:iron_pickaxe":1},"minecraft:dropped":{"minecraft:lapis_lazuli":13,"minecraft:diamond":8,"gnumus:gnumus_claw":1,"minecraft:amethyst_shard":66,"minecraft:white_wool":1,"minecraft:stone_axe":1,"minecraft:cooked_chicken":7,"minecraft:oak_planks":3,"minecraft:cooked_mutton":2,"beachparty:rubber_ring_axolotl":1,"minecraft:deepslate_tiles":2,"minecraft:gunpowder":1,"minecraft:charcoal":14,"minecraft:acacia_slab":6,"minecraft:chest":1,"born_in_chaos_v1:diamond_termite_shard":3,"minecraft:arrow":4,"minecraft:beef":15,"minecraft:quartz":11,"minecraft:oak_leaves":8,"farmersdelight:tomato_seeds":1,"minecraft:bread":50,"minecraft:cobblestone":6,"minecraft:prismarine_crystals":17,"minecraft:coal":1,"minecraft:iron_leggings":1,"minecraft:acacia_planks":277,"minecraft:spruce_sapling":5,"alexsmobs:maggot":1,"alexsmobs:acacia_blossom":4,"minecraft:stone_sword":1,"minecraft:tuff":2,"minecraft:hay_block":1,"minecraft:iron_chestplate":1,"artifacts:antidote_vessel":1},"minecraft:mined":{"farmersdelight:rich_soil":1,"sophisticatedbackpacks:gold_backpack":1,"minecraft:obsidian":2,"minecraft:granite":78,"minecraft:deepslate_tile_wall":6,"minecraft:budding_amethyst":1,"minecraft:acacia_log":4,"minecraft:grass_block":137,"minecraft:mangrove_door":3,"biomesoplenty:eyebulb":1,"minecraft:coal_block":6,"minecraft:nether_wart":20,"beachparty:sandwaves":1,"biomesoplenty:pus_bubble":1,"minecraft:spawner":4,"beachparty:seashell_block":49,"minecraft:tall_seagrass":1,"minecraft:magma_block":3,"minecraft:iron_ore":11,"minecraft:moss_carpet":3,"minecraft:deepslate_lapis_ore":4,"minecraft:azure_bluet":2,"farmersdelight:wild_potatoes":3,"minecraft:orange_bed":9,"farmersdelight:organic_compost":2,"minecraft:kelp_plant":1,"minecraft:smoker":2,"biomesoplenty:wildflower":1,"minecraft:amethyst_cluster":18,"minecraft:blue_stained_glass":17,"born_in_chaos_v1:infected_deepslate_diamond_ore":1,"minecraft:torch":2,"minecraft:calcite":32,"minecraft:chest":1,"create:scoria":25,"minecraft:nether_quartz_ore":11,"minecraft:cobblestone":22,"minecraft:oak_planks":1,"gnumus:gnumus_clay_brick":1,"minecraft:wall_torch":6,"minecraft:amethyst_block":8,"biomesoplenty:hair":1,"minecraft:grass":206,"biomesoplenty:clover":5,"minecraft:oak_log":25,"minecraft:acacia_fence":3,"minecraft:sand":886,"minecraft:dirt":105,"beautify:acacia_blinds":4,"minecraft:smooth_basalt":5,"minecraft:netherrack":16,"minecraft:oak_leaves":13,"beautify:acacia_trellis":82,"minecraft:deepslate":1722,"minecraft:deepslate_tiles":26,"minecraft:tuff":91,"minecraft:crying_obsidian":1,"minecraft:red_carpet":2,"minecraft:deepslate_diamond_ore":10,"farmersdelight:wild_carrots":13,"minecraft:sea_lantern":8,"biomesoplenty:bush":3,"farmersdelight:tomatoes":1,"minecraft:moss_block":2,"farmersdelight:wild_onions":11,"gnumus:scion_weed":8,"gnumus:baked_gnumus_clay":3,"minecraft:acacia_stairs":1,"minecraft:andesite":34,"treechop:chopped_log":24,"biomesoplenty:flesh":10,"minecraft:peony":6,"minecraft:deepslate_iron_ore":28,"gnumus:fragile_gnumus_jug":15,"minecraft:stone":1757,"minecraft:cake":1,"biomesoplenty:porous_flesh":4,"beachparty:palm_leaves":1,"minecraft:dandelion":1,"minecraft:crafting_table":3,"handcrafted:deepslate_corner_trim":10,"minecraft:honey_block":13,"minecraft:rose_bush":3,"minecraft:sculk_sensor":2,"minecraft:campfire":7,"minecraft:tall_grass":9,"minecraft:copper_ore":10,"minecraft:deepslate_gold_ore":10,"minecraft:sculk":6,"minecraft:diorite":109,"minecraft:white_carpet":2,"minecraft:coal_ore":86,"gnumus:gnumus_clay_brick_slap":2,"minecraft:gravel":901,"minecraft:cobweb":6},"minecraft:killed_by":{"minecraft:witch":1,"minecraft:player":1,"minecraft:skeleton":3,"born_in_chaos_v1:corpse_fish":2,"born_in_chaos_v1:missioner":2,"born_in_chaos_v1:dread_hound":4},"minecraft:picked_up":{"minecraft:iron_chestplate":4,"beachparty:rubber_ring_axolotl":1,"gnumus:gnumus_claw":1,"minecraft:potion":4,"minecraft:enchanted_book":3,"minecraft:amethyst_block":8,"minecraft:string":12,"minecraft:raw_copper":34,"minecraft:iron_leggings":4,"minecraft:pufferfish":15,"minecraft:experience_bottle":9,"minecraft:oak_sign":2,"minecraft:deepslate_tiles":23,"alexsmobs:blood_sac":1,"minecraft:gold_nugget":2,"minecraft:cobbled_deepslate":1639,"minecraft:bucket":2,"minecraft:rose_bush":3,"minecraft:calcite":31,"minecraft:iron_pickaxe":1,"minecraft:deepslate_tile_wall":6,"minecraft:coal_block":6,"minecraft:mangrove_log":4,"minecraft:iron_boots":1,"minecraft:stick":42,"minecraft:acacia_fence":1,"minecraft:torch":81,"minecraft:acacia_log":87,"minecraft:diorite":114,"minecraft:orange_bed":9,"gnumus:gnumus_clay_brick_slap":2,"minecraft:lime_carpet":7,"minecraft:rotten_flesh":25,"minecraft:tropical_fish":3,"create:scoria":23,"farmersdelight:onion":11,"gnumus:gnumus_chickpeas":5,"minecraft:mangrove_door":3,"minecraft:obsidian":2,"minecraft:cod":65,"minecraft:cobblestone":2039,"minecraft:magma_block":2,"gnumus:gnumus_doubloons":4,"minecraft:feather":8,"minecraft:andesite":29,"minecraft:smoker":1,"minecraft:potato":19,"beachparty:palm_log":11,"minecraft:flint":102,"minecraft:tuff":89,"minecraft:lapis_lazuli":33,"minecraft:dirt":268,"gnumus:gnumus_pouch_2":1,"minecraft:name_tag":6,"born_in_chaos_v1:monster_skin":3,"minecraft:bone":21,"minecraft:acacia_planks":213,"minecraft:wheat_seeds":18,"minecraft:raw_gold":10,"artifacts:antidote_vessel":4,"minecraft:rabbit":1,"minecraft:moss_block":4,"minecraft:oak_planks":24,"minecraft:cooked_porkchop":1,"minecraft:sand":1532,"minecraft:acacia_stairs":1,"alexsmobs:animal_dictionary":1,"minecraft:diamond":15,"waystones:waystone":1,"minecraft:granite":78,"minecraft:emerald":3,"alexsmobs:maggot":9,"minecraft:oak_sapling":52,"born_in_chaos_v1:rotten_fish":1,"minecraft:netherrack":13,"minecraft:oak_leaves":16,"minecraft:fishing_rod":1,"sophisticatedbackpacks:gold_backpack":3,"minecraft:charcoal":14,"minecraft:crafting_table":4,"born_in_chaos_v1:diamond_termite_shard":4,"minecraft:allium":24,"minecraft:azure_bluet":2,"minecraft:nether_wart":23,"minecraft:chicken":12,"born_in_chaos_v1:river_mint":1,"biomesoplenty:flesh":11,"beachparty:coconut":3,"minecraft:moss_carpet":3,"beautify:acacia_trellis":82,"minecraft:item_frame":3,"beachparty:seashell":48,"minecraft:blackstone":1,"minecraft:beef":9,"biomesoplenty:wildflower":1,"minecraft:chest":1,"minecraft:egg":1,"beautify:acacia_blinds":10,"minecraft:raw_iron":43,"gnumus:juicy_meat":4,"gnumus:gnumus_clay_brick":1,"farmersdelight:tomato_seeds":1,"minecraft:carrot":18,"handcrafted:deepslate_corner_trim":10,"minecraft:prismarine_crystals":17,"minecraft:stone_shovel":1,"minecraft:arrow":12,"minecraft:cooked_cod":4,"born_in_chaos_v1:wood_splitter_axe":1,"minecraft:peony":6,"minecraft:hay_block":1,"minecraft:saddle":3,"minecraft:gold_ingot":12,"minecraft:mutton":2,"minecraft:white_wool":1,"minecraft:rail":1,"minecraft:bone_block":3,"born_in_chaos_v1:corpse_maggot":20,"farmersdelight:rich_soil":1,"born_in_chaos_v1:monster_flesh":3,"minecraft:tripwire_hook":1,"minecraft:salmon":35,"minecraft:leather":12,"beachparty:raw_mussel_meat":6,"alexsmobs:acacia_blossom":4,"minecraft:oak_log":236,"minecraft:lily_pad":1,"minecraft:gunpowder":2,"farmersdelight:organic_compost":2,"minecraft:cooked_mutton":3,"minecraft:apple":5,"minecraft:kelp":1,"gnumus:baked_gnumus_clay":3,"minecraft:rabbit_hide":3,"minecraft:iron_ingot":11,"minecraft:stone_pickaxe":10,"artifacts:kitty_slippers":4,"minecraft:iron_sword":4,"minecraft:acacia_sapling":38,"minecraft:book":5,"minecraft:smooth_basalt":4,"minecraft:quartz":11,"born_in_chaos_v1:ethereal_spirit":1,"beachparty:palm_sapling":4,"minecraft:dandelion":2,"minecraft:gravel":780,"minecraft:amethyst_shard":104,"biomesoplenty:porous_flesh":2,"gnumus:gnumus_cheese":3,"minecraft:spruce_sapling":10,"minecraft:spruce_log":3,"minecraft:crying_obsidian":1,"minecraft:spider_eye":2,"minecraft:iron_helmet":1,"vanillaplustools:stone_hammer":1,"minecraft:painting":1,"minecraft:acacia_slab":4,"minecraft:coal":147,"minecraft:ender_pearl":1},"minecraft:used":{"minecraft:moss_block":3,"beautify:acacia_trellis":203,"minecraft:iron_shovel":501,"minecraft:oak_sign":2,"minecraft:chest":9,"minecraft:iron_sword":245,"brewery:fried_chicken":2,"minecraft:carrot":7,"minecraft:acacia_sapling":12,"minecraft:tuff":41,"minecraft:obsidian":2,"gnumus:gnumus_clay_brick":1,"gnumus:baked_gnumus_clay":2,"create:scoria":2,"beachparty:palm_boat":1,"minecraft:furnace":1,"minecraft:cooked_cod":2,"biomesoplenty:flesh":7,"minecraft:diorite":19,"minecraft:oak_planks":42,"minecraft:stone_pickaxe":1359,"minecraft:wooden_pickaxe":32,"farmersdelight:organic_compost":1,"minecraft:sand":1169,"minecraft:deepslate_tiles":546,"waystones:waystone":1,"minecraft:mangrove_door":6,"gnumus:gnumus_chickpeas":2,"minecraft:bread":32,"beachparty:seashell":44,"minecraft:deepslate":104,"minecraft:diamond_sword":108,"born_in_chaos_v1:rotten_fish":1,"minecraft:stone_sword":3,"born_in_chaos_v1:ethereal_spirit":9,"minecraft:stone_shovel":1237,"gnumus:gnumus_clay_brick_slap":1,"vanillaplustools:stone_hammer":268,"farmersdelight:rich_soil":1,"minecraft:cooked_chicken":4,"minecraft:orange_bed":7,"minecraft:torch":96,"minecraft:dirt":111,"minecraft:granite":18,"minecraft:wooden_axe":18,"biomesoplenty:blood_bucket":1,"beautify:acacia_blinds":12,"minecraft:cobbled_deepslate":12,"sophisticatedbackpacks:gold_backpack":2,"minecraft:cooked_mutton":9,"minecraft:crafting_table":6,"minecraft:magenta_bed":1,"minecraft:smoker":1,"minecraft:deepslate_tile_wall":136,"minecraft:oak_log":24,"minecraft:diamond_pickaxe":325,"minecraft:acacia_stairs":1,"minecraft:apple":2,"biomesoplenty:porous_flesh":2,"minecraft:iron_pickaxe":478,"minecraft:stone_axe":134,"minecraft:fishing_rod":90,"farmersdelight:cooked_bacon":1,"minecraft:cobblestone":182,"handcrafted:deepslate_corner_trim":10,"minecraft:cooked_porkchop":3,"minecraft:bucket":2,"born_in_chaos_v1:wood_splitter_axe":122,"minecraft:dandelion":1},"minecraft:killed":{"alexsmobs:lobster":1,"born_in_chaos_v1:zombie_lumberjack":2,"born_in_chaos_v1:pumpkin_spirit":1,"minecraft:spider":2,"born_in_chaos_v1:baby_skeleton_minion":2,"minecraft:skeleton":4,"gnumus:pitcher_mousse":1,"minecraft:magma_cube":1,"born_in_chaos_v1:diamond_termite":2,"gnumus:big_snout":1,"minecraft:creeper":2,"alexsmobs:crimson_mosquito":1,"minecraft:sheep":1,"born_in_chaos_v1:zombie_fisherman":2,"minecraft:zombie":14,"born_in_chaos_v1:corpse_fly":6,"alexsmobs:fly":11,"minecraft:cow":4,"alexsmobs:tasmanian_devil":1,"alexsmobs:seagull":5,"born_in_chaos_v1:maggot":20,"minecraft:horse":3,"gnumus:gnumus_hunter":1,"minecraft:drowned":2,"born_in_chaos_v1:corpse_fish":4,"born_in_chaos_v1:fallen_chaos_knight":1,"born_in_chaos_v1:baby_skeleton":1,"born_in_chaos_v1:decrepit_skeleton":6,"minecraft:wither_skeleton":4}},"DataVersion":3465}