{
  "create:root": {
    "criteria": {
      "0": "2024-05-15 17:42:21 -0600"
    },
    "done": true
  },
  "minecraft:recipes/decorations/crafting_table": {
    "criteria": {
      "unlock_right_away": "2024-05-15 17:42:25 -0600"
    },
    "done": true
  },
  "beautify:progression/root": {
    "criteria": {
      "Install": "2024-05-15 17:42:25 -0600"
    },
    "done": true
  },
  "biomesoplenty:biomesoplenty/root": {
    "criteria": {
      "old_growth_woodland": "2024-05-15 17:42:26 -0600"
    },
    "done": true
  },
  "bakery:main/root": {
    "criteria": {
      "seeds": "2024-05-15 17:42:21 -0600"
    },
    "done": true
  },
  "biomesoplenty:biomesoplenty/all_biomes": {
    "criteria": {
      "woodland": "2024-05-15 17:43:01 -0600",
      "old_growth_woodland": "2024-05-15 17:42:26 -0600"
    },
    "done": false
  },
  "vinery:main/root": {
    "criteria": {
      "seeds": "2024-05-15 17:42:21 -0600"
    },
    "done": true
  },
  "farmersdelight:main/root": {
    "criteria": {
      "seeds": "2024-05-15 17:42:21 -0600"
    },
    "done": true
  },
  "brewery:main/root": {
    "criteria": {
      "seeds": "2024-05-15 17:42:21 -0600"
    },
    "done": true
  },
  "minecraft:adventure/adventuring_time": {
    "criteria": {
      "minecraft:river": "2024-05-15 17:42:58 -0600",
      "minecraft:stony_shore": "2024-05-15 17:42:56 -0600"
    },
    "done": false
  },
  "DataVersion": 3465
}